USE master

--Kiểm tra nếu database đã tồn tại thì sẽ DROP database--
GO
IF EXISTS(SELECT name FROM sys.databases
		  WHERE name = 'DBI202_Assignment_PhongHV')
	DROP DATABASE DBI202_Assignment_PhongHV;

--Tạo database--
GO
CREATE DATABASE DBI202_Assignment_PhongHV

GO
USE DBI202_Assignment_PhongHV

--Tạo các bảng--
GO
CREATE TABLE NhanVien(
	MaNhanVien INT NOT NULL PRIMARY KEY,
	HoTen NVARCHAR(50) NOT NULL,
	NgaySinh DATE,
	GioiTinh BIT,
	SoDienThoai NVARCHAR(10),
	DiaChi NVARCHAR(255)
)

CREATE TABLE CoQuan(
	MaCoQuan INT NOT NULL PRIMARY KEY,
	TenCoQuan NVARCHAR(100) NOT NULL,
	DiaChi NVARCHAR(255)
)

CREATE TABLE PhongBan(
	MaPhongBan INT NOT NULL PRIMARY KEY,
	TenPhongBan NVARCHAR(100) NOT NULL,
	SDT NVARCHAR(10)
)

CREATE TABLE ChucVu(
	MaChucVu INT NOT NULL PRIMARY KEY,
	TenChucVu NVARCHAR(50) NOT NULL
)

CREATE TABLE NoiCongTac(
	MaNhanVien INT NOT NULL,
	MaCoQuan INT NOT NULL,
	MaPhongBan INT NULL,
	NgayBatDau DATE NOT NULL,
	NgayKetThuc DATE NULL,
	PRIMARY KEY (MaNhanVien, NgayBatDau),
	CONSTRAINT FK_NV_CT FOREIGN KEY (MaNhanVien) REFERENCES NhanVien(MaNhanVien),
	CONSTRAINT FK_PB_CT FOREIGN KEY (MaPhongBan) REFERENCES PhongBan(MaPhongBan),
	CONSTRAINT FK_CQ_CT FOREIGN KEY (MaCoQuan) REFERENCES CoQuan(MaCoQuan)
)

CREATE TABLE LSChucVu(
	MaNhanVien INT NOT NULL,
	MaChucVu INT NOT NULL,
	NgayBatDau DATE NOT NULL,
	NgayKetThuc DATE NULL,
	PRIMARY KEY (MaNhanVien, NgayBatDau),
	CONSTRAINT FK_NV_LSCV FOREIGN KEY (MaNhanVien) REFERENCES NhanVien(MaNhanVien),
	CONSTRAINT FK_CV_LSCV FOREIGN KEY (MaChucVu) REFERENCES ChucVu(MaChucVu)
)

CREATE TABLE Luong(
	MaLuong INT IDENTITY(1,1) NOT NULL PRIMARY KEY,
	MaNhanVien INT NOT NULL,
	MucLuong FLOAT NOT NULL,
	NgayCapNhat DATE NOT NULL,
	TinhDenNgay DATE NULL,
	CONSTRAINT FK_NV_Luong FOREIGN KEY (MaNhanVien) REFERENCES NhanVien(MaNhanVien)
)

CREATE TABLE NghiPhep(
	MaNghiPhep INT NOT NULL PRIMARY KEY,
	MaNhanVien INT NOT NULL,
	NgayBatDau DATE NOT NULL,
	NgayKetThuc DATE NOT NULL,
	LyDo NVARCHAR(255) NULL,
	CONSTRAINT FK_NV_NghiPhep FOREIGN KEY (MaNhanVien) REFERENCES NhanVien(MaNhanVien)
)
--Tạo các Role và cấp quyền--
CREATE ROLE [admin]
CREATE ROLE viewer
CREATE ROLE data_manager
GRANT CONTROL ON DATABASE::DBI202_Assignment_PhongHV TO [admin]
GRANT SELECT ON DATABASE::DBI202_Assignment_PhongHV TO viewer
GRANT SELECT, INSERT, UPDATE, DELETE ON DATABASE::DBI202_Assignment_PhongHV TO data_manager

CREATE LOGIN DBadmin WITH PASSWORD = 'admin'
CREATE USER DBadmin FOR LOGIN DBadmin
ALTER ROLE [admin] ADD MEMBER DBadmin

CREATE LOGIN DBviewer WITH PASSWORD = '123'
CREATE USER DBviewer FOR LOGIN DBviewer
ALTER ROLE viewer ADD MEMBER DBviewer

CREATE LOGIN DTmanager WITH PASSWORD = '123'
CREATE USER DTmanager FOR LOGIN DTmanager
ALTER ROLE data_manager ADD MEMBER DTmanager

--Nhập dữ liệu vào database--
GO
INSERT INTO NhanVien (MaNhanVien, HoTen, NgaySinh, GioiTinh, SoDienThoai, DiaChi) VALUES
	(1, N'Nguyễn Văn An', '1990-01-15', 1, '0912345678', N'Số 123 Đường Thanh Niên, Hà Nội'),
	(2, N'Trần Thị Bình', '1985-02-20', 0, '0923456789', N'Số 456 Đường Lê Thái Tổ, Bắc Ninh'),
	(3, N'Lê Văn Cường', '1992-03-10', 1, '0934567890', N'Số 789 Đường Hòa Bình, Hải Phòng'),
	(4, N'Phạm Thị Duyên', '1988-04-25', 0, '0945678901', N'Số 234 Đường Trần Hưng Đạo, Hải Dương'),
	(5, N'Nguyễn Văn Hòa', '1991-05-05', 1, '0956789012', N'Số 567 Đường Cầu Giấy, Hà Nội'),
	(6, N'Trần Văn Khải', '1993-06-15', 1, '0967890123', N'Số 890 Đường Nguyễn Đình Chiểu, Quảng Ninh'),
	(7, N'Lê Thị Mai', '1987-07-20', 0, '0978901234', N'Số 135 Đường Văn Cao, Hải Phòng'),
	(8, N'Phạm Văn Nam', '1989-08-30', 1, '0989012345', N'Số 246 Đường Nguyễn Hữu Thọ, Thái Bình'),
	(9, N'Nguyễn Thị Oanh', '1994-09-12', 0, '0910123456', N'Số 357 Đường Đinh Tiên Hoàng, Hà Nội'),
	(10, N'Trần Văn Phú', '1986-10-05', 1, '0921234567', N'Số 468 Đường Bùi Thị Xuân, Bắc Giang'),
	(11, N'Lê Văn Quân', '1992-11-15', 1, '0932345678', N'Số 579 Đường Trần Quốc Toản, Hà Nội'),
	(12, N'Phạm Thị Lan', '1985-12-20', 0, '0943456789', N'Số 680 Đường Nguyễn Tất Thành, Hải Phòng'),
	(13, N'Nguyễn Văn Tâm', '1990-01-28', 1, '0954567890', N'Số 791 Đường Hàng Bông, Hà Nội'),
	(14, N'Trần Thị Ngọc', '1987-02-14', 0, '0965678901', N'Số 802 Đường Phan Bội Châu, Hải Dương'),
	(15, N'Lê Văn Hiệp', '1993-03-18', 1, '0976789012', N'Số 913 Đường Lê Quý Đôn, Ninh Bình'),
	(16, N'Phạm Thị Hương', '1988-04-22', 0, '0987890123', N'Số 024 Đường Trần Nhân Tông, Bắc Ninh'),
	(17, N'Nguyễn Văn Khoa', '1991-05-13', 1, '0918901234', N'Số 135 Đường Nguyễn Văn Cừ, Hải Dương'),
	(18, N'Trần Văn Sơn', '1994-06-17', 1, '0929012345', N'Số 246 Đường Hoàng Văn Thụ, Hà Nội'),
	(19, N'Lê Thị Tuyết', '1986-07-25', 0, '0930123456', N'Số 357 Đường Đội Cấn, Hà Nội'),
	(20, N'Phạm Văn Tùng', '1989-08-29', 1, '0941234567', N'Số 468 Đường Lý Thường Kiệt, Hải Phòng'),
	(21, N'Nguyễn Thị Hà', '1992-09-30', 0, '0952345678', N'Số 579 Đường Nguyễn Khánh Toàn, Hà Nội'),
	(22, N'Trần Văn Đức', '1987-10-02', 1, '0963456789', N'Số 680 Đường Thái Thịnh, Hà Nội'),
	(23, N'Lê Văn Minh', '1993-11-10', 1, '0974567890', N'Số 791 Đường Kim Mã, Hà Nội'),
	(24, N'Phạm Thị Bích', '1988-12-20', 0, '0985678901', N'Số 802 Đường Vũ Tông Phan, Hà Nội'),
	(25, N'Nguyễn Văn Dũng', '1990-01-05', 1, '0916789012', N'Số 913 Đường Đông Tác, Hải Phòng'),
	(26, N'Trần Thị Kim', '1985-02-10', 0, '0927890123', N'Số 024 Đường Hàng Đẫy, Hà Nội'),
	(27, N'Lê Văn Hòa', '1992-03-14', 1, '0938901234', N'Số 135 Đường Trương Định, Hải Dương'),
	(28, N'Phạm Thị Phương', '1987-04-18', 0, '0949012345', N'Số 246 Đường Tôn Thất Tùng, Bắc Giang'),
	(29, N'Nguyễn Văn Khải', '1991-05-22', 1, '0950123456', N'Số 357 Đường Nguyễn Đình Chiểu, Hà Nội'),
	(30, N'Trần Văn Lộc', '1994-06-26', 1, '0961234567', N'Số 468 Đường Phạm Đình Hổ, Hà Nội'),
	(31, N'Lê Thị Ngọc', '1986-07-30', 0, '0972345678', N'Số 579 Đường Đinh Tiên Hoàng, Ninh Bình'),
	(32, N'Phạm Văn Bình', '1989-08-31', 1, '0983456789', N'Số 680 Đường Ngô Thì Nhậm, Bắc Ninh'),
	(33, N'Nguyễn Thị Yến', '1992-09-25', 0, '0914567890', N'Số 791 Đường Bế Văn Đàn, Hải Phòng'),
	(34, N'Trần Văn Thịnh', '1987-10-05', 1, '0925678901', N'Số 802 Đường Nguyễn Thái Học, Hà Nội'),
	(35, N'Lê Văn Tài', '1993-11-15', 1, '0936789012', N'Số 913 Đường Phạm Ngọc Thạch, Hải Dương'),
	(36, N'Phạm Thị Thanh', '1988-12-20', 0, '0947890123', N'Số 024 Đường Hoàng Hoa Thám, Hà Nội'),
	(37, N'Nguyễn Văn Hải', '1990-01-01', 1, '0958901234', N'Số 135 Đường Lê Thị Hồng Gấm, Quảng Ninh'),
	(38, N'Trần Thị Nhi', '1985-02-12', 0, '0969012345', N'Số 246 Đường Minh Khai, Hải Phòng'),
	(39, N'Lê Văn Khánh', '1992-03-03', 1, '0970123456', N'Số 357 Đường Trần Duy Hưng, Hà Nội'),
	(40, N'Phạm Thị Nhung', '1989-04-14', 0, '0981234567', N'Số 468 Đường Phú Thượng, Hà Nội'),
	(41, N'Nguyễn Văn Khoa', '1991-05-25', 1, '0912345678', N'Số 579 Đường Trần Đăng Ninh, Hải Dương'),
	(42, N'Trần Văn Đức', '1994-06-10', 1, '0923456789', N'Số 680 Đường Thái Bình, Hà Nội'),
	(43, N'Lê Thị Phương', '1986-07-15', 0, '0934567890', N'Số 791 Đường Hồng Hà, Bắc Ninh'),
	(44, N'Phạm Văn Tuấn', '1988-08-20', 1, '0945678901', N'Số 802 Đường Trần Bình Trọng, Hải Phòng'),
	(45, N'Nguyễn Thị Lan', '1990-09-01', 0, '0956789012', N'Số 913 Đường Hùng Vương, Hà Nội'),
	(46, N'Trần Văn Minh', '1985-10-22', 1, '0967890123', N'Số 024 Đường Khâm Thiên, Hà Nội'),
	(47, N'Lê Văn Chiến', '1992-11-03', 1, '0978901234', N'Số 135 Đường Đinh Tiên Hoàng, Quảng Ninh'),
	(48, N'Phạm Thị Thúy', '1987-12-24', 0, '0989012345', N'Số 246 Đường Nguyễn Hữu Thọ, Ninh Bình'),
	(49, N'Nguyễn Văn Nam', '1993-01-18', 1, '0910123456', N'Số 357 Đường Ngọc Khánh, Hà Nội'),
	(50, N'Trần Thị Mai', '1989-02-08', 0, '0921234567', N'Số 468 Đường Bạch Mai, Hà Nội'),
	(51, N'Lê Văn Phát', '1990-03-14', 1, '0932345678', N'Số 579 Đường Nguyễn Thị Định, Hải Phòng'),
	(52, N'Phạm Thị Hoa', '1988-04-18', 0, '0943456789', N'Số 680 Đường Đường 36, Bắc Ninh'),
	(53, N'Nguyễn Văn Bình', '1991-05-22', 1, '0954567890', N'Số 791 Đường Lê Đức Thọ, Hà Nội'),
	(54, N'Trần Văn Quyết', '1985-06-26', 1, '0965678901', N'Số 802 Đường Đinh Tiên Hoàng, Hải Dương'),
	(55, N'Lê Thị Bảo', '1989-07-30', 0, '0976789012', N'Số 913 Đường Lê Hữu Trác, Hà Nội'),
	(56, N'Phạm Văn Hoàng', '1992-08-02', 1, '0987890123', N'Số 024 Đường Hoàng Hoa Thám, Quảng Ninh'),
	(57, N'Nguyễn Thị Kim', '1993-09-12', 0, '0918901234', N'Số 135 Đường Vạn Phúc, Bắc Giang'),
	(58, N'Trần Văn Hưng', '1986-10-15', 1, '0929012345', N'Số 246 Đường Nguyễn Đình Chiểu, Hải Phòng'),
	(59, N'Lê Văn Tâm', '1989-11-25', 1, '0930123456', N'Số 357 Đường Điện Biên Phủ, Hà Nội'),
	(60, N'Phạm Thị Nhã', '1990-12-05', 0, '0941234567', N'Số 468 Đường Trường Chinh, Hải Phòng'),
	(61, N'Nguyễn Văn Kiên', '1992-01-10', 1, '0952345678', N'Số 579 Đường Cát Linh, Hà Nội'),
	(62, N'Trần Thị Giang', '1994-02-20', 0, '0963456789', N'Số 680 Đường Nguyễn Văn Cừ, Hải Dương'),
	(63, N'Lê Văn Long', '1988-03-30', 1, '0974567890', N'Số 791 Đường Phú Đô, Hà Nội'),
	(64, N'Phạm Thị Yến', '1989-04-25', 0, '0985678901', N'Số 802 Đường Hoàng Văn Thụ, Bắc Ninh'),
	(65, N'Nguyễn Văn Tú', '1990-05-10', 1, '0916789012', N'Số 913 Đường Tô Ngọc Vân, Hà Nội'),
	(66, N'Trần Thị Thảo', '1991-06-15', 0, '0927890123', N'Số 024 Đường Lý Thường Kiệt, Hải Phòng'),
	(67, N'Lê Văn An', '1992-07-20', 1, '0938901234', N'Số 135 Đường Nguyễn Đình Chiểu, Hải Dương'),
	(68, N'Phạm Thị Tâm', '1986-08-25', 0, '0949012345', N'Số 246 Đường Minh Khai, Quảng Ninh'),
	(69, N'Nguyễn Văn Tiến', '1989-09-30', 1, '0950123456', N'Số 357 Đường Bạch Đằng, Hà Nội'),
	(70, N'Trần Thị Hạnh', '1993-10-05', 0, '0961234567', N'Số 468 Đường Trần Hưng Đạo, Hải Phòng'),
	(71, N'Lê Văn Khải', '1985-11-10', 1, '0972345678', N'Số 579 Đường Nguyễn Thị Định, Ninh Bình'),
	(72, N'Phạm Thị Thu', '1988-12-15', 0, '0983456789', N'Số 680 Đường Đinh Tiên Hoàng, Bắc Giang'),
	(73, N'Nguyễn Văn Chính', '1990-01-20', 1, '0914567890', N'Số 791 Đường Thái Nguyên, Hải Dương'),
	(74, N'Trần Thị Xuân', '1991-02-25', 0, '0925678901', N'Số 802 Đường Lê Lai, Hải Phòng'),
	(75, N'Lê Văn Đức', '1986-03-15', 1, '0936789012', N'Số 913 Đường Văn Miếu, Hà Nội'),
	(76, N'Phạm Thị Hải', '1989-04-30', 0, '0947890123', N'Số 024 Đường Bạch Mai, Bắc Ninh'),
	(77, N'Nguyễn Văn Nhân', '1993-05-20', 1, '0958901234', N'Số 135 Đường Đinh Tiên Hoàng, Quảng Ninh'),
	(78, N'Trần Thị Lài', '1994-06-10', 0, '0969012345', N'Số 246 Đường Nguyễn Đình Chiểu, Hải Dương'),
	(79, N'Lê Văn Tinh', '1985-07-15', 1, '0970123456', N'Số 357 Đường Kim Mã, Hà Nội'),
	(80, N'Phạm Thị Huyền', '1992-08-20', 0, '0981234567', N'Số 468 Đường Bùi Thị Xuân, Hải Phòng'),
	(81, N'Nguyễn Văn Huy', '1990-09-25', 1, '0912345678', N'Số 579 Đường Lê Thánh Tôn, Hải Dương'),
	(82, N'Trần Thị Thanh', '1989-10-30', 0, '0923456789', N'Số 680 Đường Thái Thịnh, Hà Nội'),
	(83, N'Lê Văn Nhật', '1992-11-12', 1, '0934567890', N'Số 791 Đường Đội Cấn, Bắc Ninh'),
	(84, N'Phạm Thị Kiều', '1987-12-15', 0, '0945678901', N'Số 802 Đường Trương Định, Hải Dương'),
	(85, N'Nguyễn Văn Đức', '1988-01-25', 1, '0956789012', N'Số 913 Đường Văn Cao, Hải Phòng'),
	(86, N'Trần Thị Dung', '1990-02-10', 0, '0967890123', N'Số 024 Đường Hoàng Văn Thụ, Hà Nội'),
	(87, N'Lê Văn Phúc', '1986-03-18', 1, '0978901234', N'Số 135 Đường Phan Bội Châu, Hải Dương'),
	(88, N'Phạm Thị Thúy', '1989-04-28', 0, '0989012345', N'Số 246 Đường Nguyễn Văn Cừ, Bắc Ninh'),
	(89, N'Nguyễn Văn Thanh', '1993-05-10', 1, '0910123456', N'Số 357 Đường Đinh Tiên Hoàng, Hải Phòng'),
	(90, N'Trần Thị Mỹ', '1987-06-15', 0, '0921234567', N'Số 468 Đường Trường Chinh, Hà Nội'),
	(91, N'Lê Văn Huy', '1992-07-20', 1, '0932345678', N'Số 579 Đường Thái Bình, Hải Dương'),
	(92, N'Phạm Thị Nhung', '1989-08-25', 0, '0943456789', N'Số 680 Đường Đinh Tiên Hoàng, Quảng Ninh'),
	(93, N'Nguyễn Văn Hữu', '1990-09-30', 1, '0954567890', N'Số 791 Đường Nguyễn Khánh Toàn, Bắc Giang'),
	(94, N'Trần Thị Duy', '1988-10-15', 0, '0965678901', N'Số 802 Đường Trần Quốc Toản, Hải Phòng'),
	(95, N'Lê Văn Quang', '1991-11-20', 1, '0976789012', N'Số 913 Đường Kim Mã, Hà Nội'),
	(96, N'Phạm Thị Nhã', '1986-12-25', 0, '0987890123', N'Số 024 Đường Hoàng Hoa Thám, Quảng Ninh'),
	(97, N'Nguyễn Văn Tú', '1994-01-10', 1, '0918901234', N'Số 135 Đường Phan Văn Trị, Hải Dương'),
	(98, N'Trần Thị Hòa', '1993-02-12', 0, '0929012345', N'Số 246 Đường Thái Thịnh, Bắc Ninh'),
	(99, N'Lê Văn Thiện', '1990-03-15', 1, '0930123456', N'Số 357 Đường Nguyễn Thị Định, Hải Phòng'),
	(100, N'Phạm Thị Kim', '1989-04-22', 0, '0941234567', N'Số 468 Đường Đinh Tiên Hoàng, Ninh Bình'),
	(101, N'Nguyễn Văn Sơn', '1990-01-15', 1, '0212345678', N'1 Lê Thánh Tông, Hải Phòng'),
	(102, N'Trần Thị Hạnh', '1988-02-20', 0, '0223456789', N'2 Nguyễn Văn Linh, Hải Phòng'),
	(103, N'Nguyễn Thị Mai', '1985-03-25', 0, '0234567890', N'3 Trần Nguyên Hãn, Hải Phòng'),
	(104, N'Lê Văn Hải', '1992-04-30', 1, '0245678901', N'4 Phạm Văn Đồng, Hải Phòng'),
	(105, N'Phạm Thị Nga', '1986-05-05', 0, '0256789012', N'5 Đường Bạch Đằng, Hải Phòng'),
	(106, N'Nguyễn Văn Dũng', '1991-06-10', 1, '0267890123', N'6 Đường Trần Phú, Hải Phòng'),
	(107, N'Trần Văn Bảo', '1989-07-15', 1, '0278901234', N'7 Đường Điện Biên Phủ, Hải Phòng'),
	(108, N'Lê Thị Lan', '1993-08-20', 0, '0289012345', N'8 Nguyễn Thị Minh Khai, Hải Phòng'),
	(109, N'Nguyễn Văn Phúc', '1987-09-25', 1, '0210123456', N'9 Đường Hồ Sen, Hải Phòng'),
	(110, N'Phạm Thị Hương', '1995-10-30', 0, '0221234567', N'10 Đường Lê Hồng Phong, Hải Phòng'),
	(111, N'Ngô Văn Thành', '1992-11-15', 1, '0232345678', N'1 Ngô Quyền, Hải Dương'),
	(112, N'Trần Thị Tâm', '1986-12-20', 0, '0243456789', N'2 Trần Phú, Hải Dương'),
	(113, N'Lê Văn Kiên', '1994-01-25', 1, '0254567890', N'3 Lê Thanh Nghị, Hải Dương'),
	(114, N'Phạm Thị Ngọc', '1988-02-10', 0, '0265678901', N'4 Đường Ngọc Sơn, Hải Dương'),
	(115, N'Nguyễn Văn Đạt', '1990-03-15', 1, '0276789012', N'5 Đường Trường Chinh, Hải Dương'),
	(116, N'Trần Văn Bình', '1989-04-20', 1, '0287890123', N'6 Đường Nguyễn Văn Cừ, Hải Dương'),
	(117, N'Lê Thị Nguyệt', '1991-05-25', 0, '0218901234', N'7 Đường Nguyễn Huệ, Hải Dương'),
	(118, N'Nguyễn Văn Tài', '1987-06-30', 1, '0229012345', N'8 Đường Yết Kiêu, Hải Dương'),
	(119, N'Phạm Thị Nhi', '1993-07-05', 0, '0230123456', N'9 Đường Phạm Ngọc Thạch, Hải Dương'),
	(120, N'Nguyễn Văn Thắng', '1986-08-10', 1, '0241234567', N'10 Đường Lê Thị Hồng Gấm, Hải Dương'),
	(121, N'Nguyễn Văn Lộc', '1989-09-15', 1, '0212345679', N'1 Lê Duẩn, Bắc Ninh'),
	(122, N'Trần Thị Hương', '1988-10-20', 0, '0223456780', N'2 Đường Nguyễn Trãi, Bắc Ninh'),
	(123, N'Lê Văn Minh', '1990-11-25', 1, '0234567891', N'3 Đường Lý Thường Kiệt, Bắc Ninh'),
	(124, N'Phạm Thị Thúy', '1991-12-30', 0, '0245678902', N'4 Đường Đinh Tiên Hoàng, Bắc Ninh'),
	(125, N'Nguyễn Thị Hằng', '1994-01-05', 0, '0256789013', N'5 Đường Võ Nguyên Giáp, Bắc Ninh'),
	(126, N'Trần Văn Hoàng', '1985-02-10', 1, '0267890124', N'6 Đường Nguyễn Văn Cừ, Bắc Ninh'),
	(127, N'Lê Thị Vân', '1993-03-15', 0, '0278901235', N'7 Đường Phú Lộc, Bắc Ninh'),
	(128, N'Nguyễn Văn Sơn', '1986-04-20', 1, '0289012346', N'8 Đường Lê Thị Hồng Gấm, Bắc Ninh'),
	(129, N'Phạm Thị Nga', '1992-05-25', 0, '0210123457', N'9 Đường Trần Phú, Bắc Ninh'),
	(130, N'Nguyễn Văn Huy', '1989-06-30', 1, '0221234568', N'10 Đường Trần Hưng Đạo, Bắc Ninh'),
	(131, N'Trần Thị Lệ', '1994-07-05', 0, '0232345679', N'1 Đường Trần Hưng Đạo, Thái Bình'),
	(132, N'Lê Văn Hải', '1987-08-10', 1, '0243456780', N'2 Đường Lê Lợi, Thái Bình'),
	(133, N'Phạm Thị Quyên', '1986-09-15', 0, '0254567891', N'3 Đường Nguyễn Huệ, Thái Bình'),
	(134, N'Nguyễn Văn Tân', '1992-10-20', 1, '0265678902', N'4 Đường Quang Trung, Thái Bình'),
	(135, N'Trần Thị Bích', '1988-11-25', 0, '0276789013', N'5 Đường Ngô Quyền, Thái Bình'),
	(136, N'Lê Văn Duy', '1990-12-30', 1, '0287890124', N'6 Đường Lý Thường Kiệt, Thái Bình'),
	(137, N'Nguyễn Thị Phương', '1993-01-05', 0, '0218901235', N'7 Đường Hà Huy Tập, Thái Bình'),
	(138, N'Trần Văn Thành', '1985-02-10', 1, '0229012346', N'8 Đường Trường Chinh, Thái Bình'),
	(139, N'Lê Thị Hòa', '1994-03-15', 0, '0230123457', N'9 Đường Trần Khánh Dư, Thái Bình'),
	(140, N'Nguyễn Văn Hùng', '1987-04-20', 1, '0241234568', N'10 Đường Nguyễn Đình Chiểu, Thái Bình'),
	(141, N'Nguyễn Văn Cường', '1991-05-25', 1, '0212345689', N'1 Đường Lý Tự Trọng, Nam Định'),
	(142, N'Trần Thị Thu', '1988-06-30', 0, '0223456790', N'2 Đường Trần Thái Tông, Nam Định'),
	(143, N'Lê Văn Kiên', '1989-07-05', 1, '0234567801', N'3 Đường Nguyễn Huệ, Nam Định'),
	(144, N'Phạm Thị Bích', '1995-08-10', 0, '0245678912', N'4 Đường Trần Bình Trọng, Nam Định'),
	(145, N'Nguyễn Văn Lâm', '1986-09-15', 1, '0256789023', N'5 Hàng Bông, Nam Định'),
	(146, N'Trần Thị Hải', '1994-10-20', 0, '0267890134', N'6 Bà Triệu, Nam Định'),
	(147, N'Lê Văn Hùng', '1989-11-25', 1, '0278901245', N'7 Trường Chinh, Nam Định'),
	(148, N'Phạm Thị Nhung', '1988-12-30', 0, '0289012356', N'8 Hoàng Văn Thụ, Nam Định'),
	(149, N'Nguyễn Văn Minh', '1991-01-05', 1, '0210123467', N'9 Trần Phú, Nam Định'),
	(150, N'Trần Thị Hoa', '1987-02-10', 0, '0221234578', N'10 Phạm Ngọc Thạch, Nam Định'),
	(151, N'Lê Văn Tài', '1990-03-15', 1, '0232345689', N'1 Đường Lê Văn Lương, Ninh Bình'),
	(152, N'Nguyễn Thị Dung', '1989-04-20', 0, '0243456790', N'2 Đường Trần Hưng Đạo, Ninh Bình'),
	(153, N'Trần Văn Tiến', '1994-05-25', 1, '0254567801', N'3 Đường Nguyễn Huệ, Ninh Bình'),
	(154, N'Lê Thị Ngọc', '1988-06-30', 0, '0265678912', N'4 Đường Đinh Tiên Hoàng, Ninh Bình'),
	(155, N'Phạm Văn Bình', '1992-07-05', 1, '0276789023', N'5 Đường Lý Thường Kiệt, Ninh Bình'),
	(156, N'Nguyễn Văn Hòa', '1991-08-10', 1, '0287890134', N'6 Đường Hoàng Văn Thụ, Ninh Bình'),
	(157, N'Trần Thị Lệ', '1985-09-15', 0, '0218901245', N'7 Đường Phạm Văn Đồng, Ninh Bình'),
	(158, N'Lê Văn Tình', '1993-10-20', 1, '0229012356', N'8 Đường Nguyễn Trãi, Ninh Bình'),
	(159, N'Phạm Thị Thoa', '1994-11-25', 0, '0230123467', N'9 Trường Chinh, Ninh Bình'),
	(160, N'Nguyễn Văn Quyền', '1990-12-30', 1, '0241234578', N'10 Đường Đinh Tiên Hoàng, Ninh Bình'),
	(161, N'Nguyễn Văn Hoàng', '1991-01-05', 1, '0212345689', N'1 Đường Minh Khai, Hưng Yên'),
	(162, N'Trần Thị Thanh', '1988-02-10', 0, '0223456790', N'2 Đường Nguyễn Văn Linh, Hưng Yên'),
	(163, N'Lê Văn Sơn', '1989-03-15', 1, '0234567801', N'3 Đường Trần Hưng Đạo, Hưng Yên'),
	(164, N'Phạm Thị Nhung', '1994-04-20', 0, '0245678912', N'4 Đường Lê Quý Đôn, Hưng Yên'),
	(165, N'Nguyễn Văn Lợi', '1990-05-25', 1, '0256789023', N'5 Đường Phạm Ngọc Thạch, Hưng Yên'),
	(166, N'Trần Thị Yến', '1991-06-30', 0, '0267890134', N'6 Đường Lý Thường Kiệt, Hưng Yên'),
	(167, N'Lê Văn Hòa', '1985-07-05', 1, '0278901245', N'7 Đường Đào Duy Từ, Hưng Yên'),
	(168, N'Phạm Thị Mai', '1993-08-10', 0, '0289012356', N'8 Đường Trường Chinh, Hưng Yên'),
	(169, N'Nguyễn Văn Thiện', '1992-09-15', 1, '0210123467', N'9 Đường Bạch Đằng, Hưng Yên'),
	(170, N'Trần Thị Hằng', '1991-10-20', 0, '0221234578', N'10 Đường Ngô Quyền, Hưng Yên'),
	(171, N'Lê Văn Bảo', '1986-11-25', 1, '0232345689', N'1 Đường Lê Hồng Phong, Quảng Ninh'),
	(172, N'Nguyễn Thị Diễm', '1989-12-30', 0, '0243456790', N'2 Đường Trần Quốc Nghiễn, Quảng Ninh'),
	(173, N'Trần Văn Sơn', '1994-01-05', 1, '0254567801', N'3 Đường Lý Thường Kiệt, Quảng Ninh'),
	(174, N'Lê Thị Kim', '1988-02-10', 0, '0265678912', N'4 Đường Trần Hưng Đạo, Quảng Ninh'),
	(175, N'Phạm Văn Duy', '1992-03-15', 1, '0276789023', N'5 Đường Nguyễn Huệ, Quảng Ninh'),
	(176, N'Nguyễn Văn Tân', '1991-04-20', 1, '0287890134', N'6 Đường Bạch Đằng, Quảng Ninh'),
	(177, N'Trần Thị Yến', '1995-05-25', 0, '0218901245', N'7 Đường Hàm Nghi, Quảng Ninh'),
	(178, N'Lê Văn Phúc', '1986-06-30', 1, '0229012356', N'8 Đường Hoàng Quốc Việt, Quảng Ninh'),
	(179, N'Phạm Thị Thoa', '1994-07-05', 0, '0230123467', N'9 Đường Phan Bội Châu, Quảng Ninh'),
	(180, N'Nguyễn Văn Hải', '1987-08-10', 1, '0241234578', N'10 Đường Phạm Ngọc Thạch, Quảng Ninh'),
	(181, N'Nguyễn Văn Thao', '1990-09-15', 1, '0212345689', N'1 Đường Đinh Tiên Hoàng, Bắc Giang'),
	(182, N'Trần Thị Phương', '1989-10-20', 0, '0223456790', N'2 Đường Trần Hưng Đạo, Bắc Giang'),
	(183, N'Lê Văn Long', '1989-11-25', 1, '0234567801', N'3 Đường Lý Thường Kiệt, Bắc Giang'),
	(184, N'Phạm Thị Hạnh', '1995-12-30', 0, '0245678912', N'4 Đường Nguyễn Huệ, Bắc Giang'),
	(185, N'Nguyễn Văn Huy', '1988-01-05', 1, '0256789023', N'5 Đường Nguyễn Văn Linh, Bắc Giang'),
	(186, N'Trần Thị Liên', '1994-02-10', 0, '0267890134', N'6 Đường Lê Lợi, Bắc Giang'),
	(187, N'Lê Văn Hoàng', '1990-03-15', 1, '0278901245', N'7 Đường Phan Đình Phùng, Bắc Giang'),
	(188, N'Phạm Thị Vân', '1989-04-20', 0, '0289012356', N'8 Đường Bạch Đằng, Bắc Giang'),
	(189, N'Nguyễn Văn Tâm', '1992-05-25', 1, '0210123467', N'9 Đường Trần Bình Trọng, Bắc Giang'),
	(190, N'Trần Thị Ngọc', '1986-06-30', 0, '0221234578', N'10 Đường Phạm Văn Đồng, Bắc Giang'),
	(191, N'Nguyễn Văn Hưng', '1991-07-05', 1, '0232345689', N'1 Đường Hùng Vương, Lạng Sơn'),
	(192, N'Trần Thị Thắm', '1989-08-10', 0, '0243456790', N'2 Đường Trần Phú, Lạng Sơn'),
	(193, N'Lê Văn Phát', '1990-09-15', 1, '0254567801', N'3 Đường Lý Thường Kiệt, Lạng Sơn'),
	(194, N'Phạm Thị Linh', '1992-10-20', 0, '0265678912', N'4 Đường Nguyễn Văn Cừ, Lạng Sơn'),
	(195, N'Nguyễn Văn Tài', '1985-11-25', 1, '0276789023', N'5 Đường Nguyễn Huệ, Lạng Sơn'),
	(196, N'Trần Thị Duyên', '1994-12-30', 0, '0287890134', N'6 Đường Trần Hưng Đạo, Lạng Sơn'),
	(197, N'Lê Văn Tuyền', '1989-01-05', 1, '0218901245', N'7 Đường Đinh Tiên Hoàng, Lạng Sơn'),
	(198, N'Phạm Thị Hương', '1988-02-10', 0, '0229012356', N'8 Đường Bạch Đằng, Lạng Sơn'),
	(199, N'Nguyễn Văn Nhân', '1995-03-15', 1, '0230123467', N'9 Đường Phạm Ngọc Thạch, Lạng Sơn'),
	(200, N'Trần Thị Quỳnh', '1991-04-20', 0, '0241234578', N'10 Đường Lê Duẩn, Lạng Sơn');

INSERT INTO ChucVu (MaChucVu, TenChucVu) VALUES
	(1, N'Giám Đốc'),
	(2, N'Phó Giám Đốc'),
	(3, N'Chánh Văn Phòng'),
	(4, N'Phó Chánh Văn Phòng'),
	(5, N'Trưởng Phòng'),
	(6, N'Phó Trưởng Phòng'),
	(7, N'Chuyên Viên');

INSERT INTO CoQuan (MaCoQuan, TenCoQuan, DiaChi) VALUES 
	(1, N'Sở Nội vụ', N'18 Lê Thánh Tông, Phan Chu Trinh, Hoàn Kiếm, Hà Nội'),
	(2, N'Sở Tài chính', N'38B Hai Bà Trưng, Tràng Tiền, Hoàn Kiếm, Hà Nội'),
	(3, N'Sở Giao thông Vận tải', N'258 Võ Chí Công, Tây Hồ, Hà Nội'),
	(4, N'Sở Y tế', N'4 Sơn Tây, Điện Biên, Ba Đình, Hà Nội'),
	(5, N'Sở Giáo dục và Đào tạo', N'81 Thợ Nhuộm, Trần Hưng Đạo, Hoàn Kiếm, Hà Nội'),
	(6, N'Sở Công Thương', N'331 Cầu Giấy, Dịch Vọng, Cầu Giấy, Hà Nội'),
	(7, N'Sở Thông tin và Truyền thông', N'Giảng Võ, Chợ Dừa, Đống Đa, Hà Nội');

INSERT INTO PhongBan (MaPhongBan, TenPhongBan, SDT) VALUES 
	(10, N'Tổ chức cán bộ', '0241234567'),
	(11, N'Cải cách hành chính', '0242345678'),
	(12, N'Quản lý công chức', '0243456789'),
	(13, N'Đào tạo, bồi dưỡng cán bộ, công chức', '0244567890'),
	(14, N'Tổng hợp', '0245678901'),
	(20, N'Tài chính ngân sách', '0246789012'),
	(21, N'Tài chính doanh nghiệp', '0247890123'),
	(22, N'Quản lý thuế', '0248901234'),
	(23, N'Kế hoạch tài chính', '0249012345'),
	(24, N'Quản lý tài sản công', '0240123456'),
	(30, N'Quản lý giao thông', '0241234568'),
	(31, N'Quản lý vận tải', '0242345679'),
	(32, N'Kế hoạch - Đầu tư', '0243456780'),
	(33, N'Kỹ thuật hạ tầng giao thông', '0244567891'),
	(34, N'An toàn giao thông', '0245678902'),
	(40, N'Kế hoạch tài chính', '0246789013'),
	(41, N'Quản lý dịch vụ y tế', '0247890124'),
	(42, N'Nghiệp vụ y tế', '0248901235'),
	(43, N'Dược và trang thiết bị y tế', '0249012346'),
	(44, N'Y tế công cộng', '0240123457'),
	(50, N'Giáo dục tiểu học', '0241234569'),
	(51, N'Giáo dục trung học', '0242345780'),
	(52, N'Kế hoạch - Tài chính', '0243456781'),
	(53, N'Quản lý chất lượng giáo dục', '0244567892'),
	(54, N'Đào tạo', '0245678903'),
	(60, N'Quản lý ngành công nghiệp', '0246789014'),
	(61, N'Quản lý thương mại', '0247890125'),
	(62, N'Kế hoạch và Đầu tư', '0248901236'),
	(63, N'Thương mại quốc tế', '0249012347'),
	(64, N'Quản lý xuất nhập khẩu', '0240123458'),
	(70, N'Bưu chính viễn thông', '0241234570'),
	(71, N'Công nghệ thông tin', '0242345781'),
	(72, N'Quản lý thông tin điện tử', '0243456782'),
	(73, N'Quy hoạch và phát triển hạ tầng thông tin', '0244567893'),
	(74, N'Truyền thông đại chúng', '0245678904');

INSERT INTO LSChucVu (MaNhanVien, MaChucVu, NgayBatDau, NgayKetThuc) VALUES
	(1, 1, '2021-01-15', NULL),
	(2, 1, '2020-02-20', NULL),
	(3, 1, '2023-03-01', NULL),
	(4, 1, '2022-01-10', NULL),
	(5, 1, '2019-12-05', NULL),
	(6, 1, '2021-11-25', NULL),
	(7, 1, '2022-08-30', NULL),
	(8, 2, '2023-02-14', NULL),
	(9, 2, '2020-06-18', NULL),
	(10, 2, '2018-05-15', NULL),
	(11, 2, '2021-04-22', NULL),
	(12, 2, '2020-10-01', NULL),
	(13, 2, '2023-09-15', NULL),
	(14, 2, '2022-12-05', NULL),
	(15, 3, '2023-03-15', NULL),
	(16, 3, '2021-07-01', NULL),
	(17, 3, '2020-11-11', NULL),
	(18, 3, '2022-09-25', NULL),
	(19, 3, '2023-05-05', NULL),
	(20, 3, '2022-02-10', NULL),
	(21, 3, '2023-08-01', NULL),
	(22, 4, '2021-03-20', NULL),
	(23, 4, '2020-01-30', NULL),
	(24, 4, '2019-10-10', NULL),
	(25, 4, '2022-04-15', NULL),
	(26, 4, '2023-05-20', NULL),
	(27, 4, '2021-06-15', NULL),
	(28, 4, '2023-02-01', NULL),
	(29, 5, '2021-06-01', NULL),
	(30, 5, '2020-11-05', NULL),
	(31, 5, '2019-05-20', NULL),
	(32, 5, '2021-10-01', NULL),
	(33, 5, '2020-07-10', NULL),
	(34, 5, '2023-01-15', NULL),
	(35, 5, '2021-02-18', NULL),
	(36, 5, '2023-03-22', NULL),
	(37, 5, '2021-07-12', NULL),
	(38, 5, '2020-12-25', NULL),
	(39, 5, '2023-06-11', NULL),
	(40, 5, '2022-03-19', NULL),
	(41, 5, '2021-12-07', NULL),
	(42, 5, '2023-04-09', NULL),
	(43, 5, '2022-07-29', NULL),
	(44, 5, '2021-01-28', NULL),
	(45, 5, '2022-05-30', NULL),
	(46, 5, '2023-07-14', NULL),
	(47, 5, '2021-09-15', NULL),
	(48, 5, '2020-04-22', NULL),
	(49, 5, '2022-06-14', NULL),
	(50, 5, '2023-10-01', NULL),
	(51, 5, '2021-03-25', NULL),
	(52, 5, '2020-02-12', NULL),
	(53, 5, '2021-11-30', NULL),
	(54, 5, '2022-09-05', NULL),
	(55, 5, '2023-03-14', NULL),
	(56, 5, '2021-10-19', NULL),
	(57, 5, '2020-08-01', NULL),
	(58, 5, '2023-08-01', NULL),
	(59, 5, '2022-04-15', NULL),
	(60, 5, '2021-05-10', NULL),
	(61, 5, '2023-06-05', NULL),
	(62, 5, '2020-03-30', NULL),
	(63, 5, '2021-12-18', NULL),
	(64, 6, '2021-02-18', NULL),
	(65, 6, '2022-11-01', NULL),
	(66, 6, '2020-06-21', NULL),
	(67, 6, '2021-08-30', NULL),
	(68, 6, '2023-01-17', NULL),
	(69, 6, '2022-09-15', NULL),
	(70, 6, '2021-03-01', NULL),
	(71, 6, '2022-07-05', NULL),
	(72, 6, '2020-05-01', NULL),
	(73, 6, '2023-04-25', NULL),
	(74, 6, '2021-10-21', NULL),
	(75, 6, '2023-02-20', NULL),
	(76, 6, '2020-12-10', NULL),
	(77, 6, '2021-07-19', NULL),
	(78, 6, '2022-01-29', NULL),
	(79, 6, '2023-06-18', NULL),
	(80, 6, '2020-09-12', NULL),
	(81, 6, '2021-09-05', NULL),
	(82, 6, '2023-02-15', NULL),
	(83, 6, '2022-03-25', NULL),
	(84, 6, '2020-11-18', NULL),
	(85, 6, '2023-07-30', NULL),
	(86, 6, '2021-12-22', NULL),
	(87, 6, '2022-10-09', NULL),
	(88, 6, '2021-06-14', NULL),
	(89, 6, '2020-08-31', NULL),
	(90, 6, '2023-05-06', NULL),
	(91, 6, '2021-01-19', NULL),
	(92, 6, '2022-12-12', NULL),
	(93, 6, '2020-02-17', NULL),
	(94, 6, '2021-10-10', NULL),
	(95, 6, '2023-01-01', NULL),
	(96, 6, '2022-08-20', NULL),
	(97, 6, '2021-04-07', NULL),
	(98, 6, '2023-03-13', NULL),
	(99, 7, '2020-04-28', NULL),
	(100, 7, '2021-11-14', NULL),
	(101, 7, '2022-01-20', NULL),
	(102, 7, '2021-03-12', NULL),
	(103, 7, '2023-05-11', NULL),
	(104, 7, '2020-08-29', NULL),
	(105, 7, '2019-11-15', NULL),
	(106, 7, '2021-06-05', NULL),
	(107, 7, '2022-07-15', NULL),
	(108, 7, '2023-01-22', NULL),
	(109, 7, '2020-09-08', NULL),
	(110, 7, '2021-05-10', NULL),
	(111, 7, '2020-10-15', NULL),
	(112, 7, '2023-01-03', NULL),
	(113, 7, '2022-02-24', NULL),
	(114, 7, '2023-01-28', NULL),
	(115, 7, '2022-09-05', NULL),
	(116, 7, '2021-03-07', NULL),
	(117, 7, '2020-07-14', NULL),
	(118, 7, '2023-04-30', NULL),
	(119, 7, '2021-09-17', NULL),
	(120, 7, '2022-04-10', NULL),
	(121, 7, '2023-02-21', NULL),
	(122, 7, '2022-01-15', NULL),
	(123, 7, '2020-08-01', NULL),
	(124, 7, '2019-04-23', NULL),
	(125, 7, '2022-10-15', NULL),
	(126, 7, '2023-05-21', NULL),
	(127, 7, '2021-12-06', NULL),
	(128, 7, '2023-06-12', NULL),
	(129, 7, '2021-04-02', NULL),
	(130, 7, '2020-05-18', NULL),
	(131, 7, '2023-03-22', NULL),
	(132, 7, '2021-05-30', NULL),
	(133, 7, '2023-01-11', NULL),
	(134, 7, '2023-02-15', NULL),
	(135, 7, '2020-06-27', NULL),
	(136, 7, '2022-11-10', NULL),
	(137, 7, '2021-04-09', NULL),
	(138, 7, '2023-07-18', NULL),
	(139, 7, '2023-03-01', NULL),
	(140, 7, '2021-08-14', NULL),
	(141, 7, '2023-03-17', NULL),
	(142, 7, '2021-12-25', NULL),
	(143, 7, '2020-02-02', NULL),
	(144, 7, '2021-01-09', NULL),
	(145, 7, '2023-01-06', NULL),
	(146, 7, '2022-03-23', NULL),
	(147, 7, '2020-11-19', NULL),
	(148, 7, '2021-07-25', NULL),
	(149, 7, '2023-02-12', NULL),
	(150, 7, '2020-09-17', NULL),
	(151, 7, '2021-10-21', NULL),
	(152, 7, '2022-01-05', NULL),
	(153, 7, '2023-04-02', NULL),
	(154, 7, '2022-05-15', NULL),
	(155, 7, '2023-03-19', NULL),
	(156, 7, '2020-12-28', NULL),
	(157, 7, '2021-08-27', NULL),
	(158, 7, '2022-07-16', NULL),
	(159, 7, '2023-01-23', NULL),
	(160, 7, '2022-06-11', NULL),
	(161, 7, '2020-10-05', NULL),
	(162, 7, '2023-04-20', NULL),
	(163, 7, '2021-03-29', NULL),
	(164, 7, '2022-05-10', NULL),
	(165, 7, '2023-02-08', NULL),
	(166, 7, '2021-09-14', NULL),
	(167, 7, '2022-08-19', NULL),
	(168, 7, '2020-06-07', NULL),
	(169, 7, '2023-03-23', NULL),
	(170, 7, '2022-04-15', NULL),
	(171, 7, '2021-02-12', NULL),
	(172, 7, '2020-12-20', NULL),
	(173, 7, '2023-07-25', NULL),
	(174, 7, '2021-04-03', NULL),
	(175, 7, '2023-01-15', NULL),
	(176, 7, '2022-10-06', NULL),
	(177, 7, '2021-11-09', NULL),
	(178, 7, '2020-03-17', NULL),
	(179, 7, '2023-01-30', NULL),
	(180, 7, '2022-09-12', NULL),
	(181, 7, '2021-06-28', NULL),
	(182, 7, '2020-05-22', NULL),
	(183, 7, '2023-03-09', NULL),
	(184, 7, '2021-07-16', NULL),
	(185, 7, '2022-01-01', NULL),
	(186, 7, '2020-11-30', NULL),
	(187, 7, '2021-02-18', NULL),
	(188, 7, '2022-10-25', NULL),
	(189, 7, '2023-01-17', NULL),
	(190, 7, '2021-08-12', NULL),
	(191, 7, '2020-03-08', NULL),
	(192, 7, '2021-09-22', NULL),
	(193, 7, '2023-06-04', NULL),
	(194, 7, '2022-11-10', NULL),
	(195, 7, '2023-04-18', NULL),
	(196, 7, '2021-12-30', NULL),
	(197, 7, '2022-06-01', NULL),
	(198, 7, '2023-02-25', NULL),
	(199, 7, '2020-01-27', NULL),
	(200, 7, '2023-05-05', NULL);

INSERT INTO NoiCongTac (MaNhanVien, MaCoQuan, MaPhongBan, NgayBatDau, NgayKetThuc) VALUES
	(1, 1, NULL, '2021-01-15', NULL),
	(2, 5, NULL, '2020-02-20', NULL),
	(3, 7, NULL, '2023-03-01', NULL),
	(4, 6, NULL, '2022-01-10', NULL),
	(5, 3, NULL, '2019-12-05', NULL),
	(6, 4, NULL, '2021-11-25', NULL),
	(7, 2, NULL, '2022-08-30', NULL),
	(8, 2, NULL, '2023-02-14', NULL),
	(9, 5, NULL, '2020-06-18', NULL),
	(10, 3, NULL, '2018-05-15', NULL),
	(11, 6, NULL, '2021-04-22', NULL),
	(12, 7, NULL, '2020-10-01', NULL),
	(13, 4, NULL, '2023-09-15', NULL),
	(14, 1, NULL, '2022-12-05', NULL),
	(15, 7, NULL, '2023-03-15', NULL),
	(16, 4, NULL, '2021-07-01', NULL),
	(17, 5, NULL, '2020-11-11', NULL),
	(18, 1, NULL, '2022-09-25', NULL),
	(19, 3, NULL, '2023-05-05', NULL),
	(20, 2, NULL, '2022-02-10', NULL),
	(21, 6, NULL, '2021-06-01', NULL),
	(22, 4, NULL, '2020-11-05', NULL),
	(23, 3, NULL, '2023-10-01', NULL),
	(24, 6, NULL, '2021-03-25', NULL),
	(25, 5, NULL, '2020-04-28', NULL),
	(26, 7, NULL, '2021-11-14', NULL),
	(27, 1, NULL, '2022-01-20', NULL),
	(28, 2, NULL, '2021-03-12', NULL),
	(29, 1, 14, '2019-12-05', NULL),
	(30, 1, 10, '2021-11-25', NULL),
	(31, 1, 12, '2020-06-18', NULL),
	(32, 1, 11, '2018-05-15', NULL),
	(33, 1, 13, '2022-08-30', NULL),
	(34, 2, 20, '2023-02-14', NULL),
	(35, 2, 24, '2020-11-11', NULL),
	(36, 2, 22, '2022-09-25', NULL),
	(37, 2, 23, '2023-05-05', NULL),
	(38, 2, 21, '2022-02-10', NULL),
	(39, 3, 31, '2021-06-01', NULL),
	(40, 3, 30, '2020-11-05', NULL),
	(41, 3, 32, '2023-10-01', NULL),
	(42, 3, 34, '2021-03-25', NULL),
	(43, 3, 33, '2020-04-28', NULL),
	(44, 6, 60, '2021-11-14', NULL),
	(45, 6, 62, '2022-01-20', NULL),
	(46, 6, 63, '2021-03-12', NULL),
	(47, 6, 61, '2019-12-05', NULL),
	(48, 6, 64, '2021-11-25', NULL),
	(49, 7, 70, '2020-06-18', NULL),
	(50, 7, 71, '2018-05-15', NULL),
	(51, 7, 74, '2022-08-30', NULL),
	(52, 7, 72, '2023-02-14', NULL),
	(53, 7, 73, '2020-11-11', NULL),
	(54, 4, 42, '2022-09-25', NULL),
	(55, 4, 40, '2023-05-05', NULL),
	(56, 4, 41, '2022-02-10', NULL),
	(57, 4, 43, '2021-06-01', NULL),
	(58, 4, 44, '2020-11-05', NULL),
	(59, 5, 50, '2023-10-01', NULL),
	(60, 5, 53, '2021-03-25', NULL),
	(61, 5, 54, '2020-04-28', NULL),
	(62, 5, 51, '2021-11-14', NULL),
	(63, 5, 52, '2022-01-20', NULL),
	(64, 4, 42, '2021-03-12', NULL),
	(65, 4, 43, '2019-12-05', NULL),
	(66, 4, 41, '2021-11-25', NULL),
	(67, 4, 44, '2020-06-18', NULL),
	(68, 4, 40, '2018-05-15', NULL),
	(69, 3, 30, '2021-01-20', NULL),
	(70, 3, 31, '2022-03-10', NULL),
	(71, 3, 32, '2020-07-15', NULL),
	(72, 3, 33, '2023-09-01', NULL),
	(73, 3, 34, '2021-05-05', NULL),
	(74, 5, 52, '2022-10-20', NULL),
	(75, 5, 53, '2020-12-11', NULL),
	(76, 5, 50, '2023-08-08', NULL),
	(77, 5, 54, '2021-11-01', NULL),
	(78, 5, 51, '2022-02-28', NULL),
	(79, 2, 21, '2020-03-14', NULL),
	(80, 2, 20, '2022-04-12', NULL),
	(81, 2, 22, '2021-07-30', NULL),
	(82, 2, 23, '2023-02-15', NULL),
	(83, 2, 24, '2020-08-18', NULL),
	(84, 6, 62, '2022-05-25', NULL),
	(85, 6, 63, '2021-09-20', NULL),
	(86, 6, 60, '2023-06-19', NULL),
	(87, 6, 64, '2020-11-10', NULL),
	(88, 6, 61, '2023-07-12', NULL),
	(89, 1, 10, '2020-02-01', NULL),
	(90, 1, 12, '2021-04-14', NULL),
	(91, 1, 11, '2022-06-23', NULL),
	(92, 1, 14, '2023-01-09', NULL),
	(93, 1, 13, '2021-12-30', NULL),
	(94, 7, 72, '2023-08-01', NULL),
	(95, 7, 73, '2020-09-19', NULL),
	(96, 7, 74, '2022-03-11', NULL),
	(97, 7, 70, '2021-05-07', NULL),
	(98, 7, 71, '2022-10-22', NULL),
	(99, 1, 10, '2020-08-31', NULL),
	(100, 1, 11, '2021-02-20', NULL),
	(101, 1, 12, '2022-06-12', NULL),
	(102, 1, 13, '2023-01-25', NULL),
	(103, 1, 14, '2021-11-15', NULL),
	(104, 1, 10, '2023-07-03', NULL),
	(105, 1, 11, '2020-04-14', NULL),
	(106, 1, 12, '2022-05-30', NULL),
	(107, 1, 13, '2021-06-25', NULL),
	(108, 1, 14, '2023-03-18', NULL),
	(109, 2, 20, '2022-11-10', NULL),
	(110, 2, 21, '2021-12-05', NULL),
	(111, 2, 22, '2020-07-20', NULL),
	(112, 2, 23, '2023-05-14', NULL),
	(113, 2, 24, '2021-04-16', NULL),
	(114, 2, 20, '2023-06-01', NULL),
	(115, 2, 21, '2020-09-28', NULL),
	(116, 2, 22, '2022-12-15', NULL),
	(117, 2, 23, '2021-10-05', NULL),
	(118, 2, 24, '2023-01-10', NULL),
	(119, 3, 30, '2022-08-01', NULL),
	(120, 3, 31, '2021-03-30', NULL),
	(121, 3, 32, '2020-12-20', NULL),
	(122, 3, 33, '2023-09-15', NULL),
	(123, 3, 34, '2021-07-10', NULL),
	(124, 3, 30, '2022-04-22', NULL),
	(125, 3, 31, '2020-02-11', NULL),
	(126, 3, 32, '2023-02-20', NULL),
	(127, 3, 33, '2021-05-01', NULL),
	(128, 3, 34, '2023-08-19', NULL),
	(129, 4, 40, '2021-04-10', NULL),
	(130, 4, 41, '2022-01-14', NULL),
	(131, 4, 42, '2020-11-20', NULL),
	(132, 4, 43, '2023-05-17', NULL),
	(133, 4, 44, '2021-02-12', NULL),
	(134, 4, 40, '2022-03-09', NULL),
	(135, 4, 41, '2020-06-30', NULL),
	(136, 4, 42, '2023-04-05', NULL),
	(137, 4, 43, '2021-09-18', NULL),
	(138, 4, 44, '2022-12-30', NULL),
	(139, 5, 50, '2020-07-05', NULL),
	(140, 5, 51, '2021-08-15', NULL),
	(141, 5, 52, '2022-02-18', NULL),
	(142, 5, 53, '2023-06-24', NULL),
	(143, 5, 54, '2021-11-01', NULL),
	(144, 5, 50, '2022-10-22', NULL),
	(145, 5, 51, '2020-09-15', NULL),
	(146, 5, 52, '2023-01-25', NULL),
	(147, 5, 53, '2021-03-03', NULL),
	(148, 5, 54, '2023-02-14', NULL),
	(149, 6, 60, '2020-04-19', NULL),
	(150, 6, 61, '2021-07-10', NULL),
	(151, 6, 62, '2022-03-12', NULL),
	(152, 6, 63, '2023-08-11', NULL),
	(153, 6, 64, '2021-05-23', NULL),
	(154, 6, 60, '2022-12-19', NULL),
	(155, 6, 61, '2020-10-01', NULL),
	(156, 6, 62, '2023-03-05', NULL),
	(157, 6, 63, '2021-11-05', NULL),
	(158, 6, 64, '2022-08-30', NULL),
	(159, 7, 70, '2020-09-18', NULL),
	(160, 7, 71, '2021-12-05', NULL),
	(161, 7, 72, '2022-06-01', NULL),
	(162, 7, 73, '2023-01-10', NULL),
	(163, 7, 74, '2021-11-16', NULL),
	(164, 7, 70, '2022-04-25', NULL),
	(165, 7, 71, '2020-05-19', NULL),
	(166, 7, 72, '2023-06-15', NULL),
	(167, 7, 73, '2021-08-14', NULL),
	(168, 7, 74, '2022-10-20', NULL),
	(169, 1, 10, '2021-09-14', NULL),
	(170, 1, 11, '2022-02-10', NULL),
	(171, 1, 12, '2020-07-28', NULL),
	(172, 1, 13, '2023-03-02', NULL),
	(173, 1, 14, '2021-01-30', NULL),
	(174, 1, 10, '2022-11-12', NULL),
	(175, 1, 11, '2020-03-22', NULL),
	(176, 1, 12, '2023-08-04', NULL),
	(177, 1, 13, '2021-06-05', NULL),
	(178, 1, 14, '2022-10-28', NULL),
	(179, 2, 20, '2022-11-20', NULL),
	(180, 2, 21, '2021-02-08', NULL),
	(181, 2, 22, '2020-05-11', NULL),
	(182, 2, 23, '2023-07-15', NULL),
	(183, 2, 24, '2021-09-10', NULL),
	(184, 2, 20, '2022-08-21', NULL),
	(185, 2, 21, '2020-12-18', NULL),
	(186, 2, 22, '2023-04-25', NULL),
	(187, 2, 23, '2021-03-22', NULL),
	(188, 2, 24, '2023-10-01', NULL),
	(189, 3, 30, '2022-06-18', NULL),
	(190, 3, 31, '2021-11-15', NULL),
	(191, 3, 32, '2020-01-12', NULL),
	(192, 3, 33, '2023-08-10', NULL),
	(193, 3, 34, '2021-02-15', NULL),
	(194, 3, 30, '2022-03-29', NULL),
	(195, 3, 31, '2020-04-30', NULL),
	(196, 3, 32, '2023-05-16', NULL),
	(197, 3, 33, '2021-07-08', NULL),
	(198, 3, 34, '2022-12-20', NULL),
	(199, 4, 40, '2020-09-29', NULL),
	(200, 4, 41, '2021-10-21', NULL);

INSERT INTO Luong (MaNhanVien, MucLuong, NgayCapNhat, TinhDenNgay) VALUES
	(1, 20000000, '2021-01-15', NULL),
	(2, 15000000, '2020-02-20', NULL),
	(3, 15000000, '2023-03-01', NULL),
	(4, 12000000, '2022-01-10', NULL),
	(5, 12000000, '2019-12-05', NULL),
	(6, 12000000, '2021-11-25', NULL),
	(7, 12000000, '2022-08-30', NULL),
	(8, 10000000, '2023-02-14', NULL),
	(9, 10000000, '2020-06-18', NULL),
	(10, 10000000, '2018-05-15', NULL),
	(11, 10000000, '2021-04-22', NULL),
	(12, 10000000, '2020-10-01', NULL),
	(13, 10000000, '2023-09-15', NULL),
	(14, 10000000, '2022-12-05', NULL),
	(15, 8000000, '2023-03-15', NULL),
	(16, 8000000, '2021-07-01', NULL),
	(17, 8000000, '2020-11-11', NULL),
	(18, 8000000, '2022-09-25', NULL),
	(19, 8000000, '2023-05-05', NULL),
	(20, 8000000, '2022-02-10', NULL),
	(21, 8000000, '2023-08-01', NULL),
	(22, 6000000, '2021-03-20', NULL),
	(23, 6000000, '2020-01-30', NULL),
	(24, 6000000, '2019-10-10', NULL),
	(25, 6000000, '2022-04-15', NULL),
	(26, 6000000, '2023-05-20', NULL),
	(27, 6000000, '2021-06-15', NULL),
	(28, 6000000, '2023-02-01', NULL),
	(29, 6000000, '2021-06-01', NULL),
	(30, 6000000, '2020-11-05', NULL),
	(31, 6000000, '2019-05-20', NULL),
	(32, 6000000, '2021-10-01', NULL),
	(33, 6000000, '2020-07-10', NULL),
	(34, 6000000, '2023-01-15', NULL),
	(35, 6000000, '2021-02-18', NULL),
	(36, 6000000, '2023-03-22', NULL),
	(37, 6000000, '2021-07-12', NULL),
	(38, 6000000, '2020-12-25', NULL),
	(39, 6000000, '2023-06-11', NULL),
	(40, 6000000, '2022-03-19', NULL),
	(41, 6000000, '2021-12-07', NULL),
	(42, 6000000, '2023-04-09', NULL),
	(43, 6000000, '2022-07-29', NULL),
	(44, 6000000, '2021-01-28', NULL),
	(45, 6000000, '2022-05-30', NULL),
	(46, 6000000, '2023-07-14', NULL),
	(47, 6000000, '2021-09-15', NULL),
	(48, 6000000, '2020-04-22', NULL),
	(49, 6000000, '2022-06-14', NULL),
	(50, 6000000, '2023-10-01', NULL),
	(51, 6000000, '2021-03-25', NULL),
	(52, 6000000, '2020-02-12', NULL),
	(53, 6000000, '2021-11-30', NULL),
	(54, 6000000, '2022-09-05', NULL),
	(55, 6000000, '2023-03-14', NULL),
	(56, 6000000, '2021-10-19', NULL),
	(57, 6000000, '2020-08-01', NULL),
	(58, 6000000, '2023-08-01', NULL),
	(59, 6000000, '2022-04-15', NULL),
	(60, 6000000, '2021-05-10', NULL),
	(61, 6000000, '2023-06-05', NULL),
	(62, 6000000, '2020-03-30', NULL),
	(63, 6000000, '2021-12-18', NULL),
	(64, 6000000, '2021-02-18', NULL),
	(65, 6000000, '2022-11-01', NULL),
	(66, 6000000, '2020-06-21', NULL),
	(67, 6000000, '2021-08-30', NULL),
	(68, 6000000, '2023-01-17', NULL),
	(69, 6000000, '2022-09-15', NULL),
	(70, 6000000, '2021-03-01', NULL),
	(71, 6000000, '2022-07-05', NULL),
	(72, 6000000, '2020-05-01', NULL),
	(73, 6000000, '2023-04-25', NULL),
	(74, 6000000, '2021-10-21', NULL),
	(75, 6000000, '2023-02-20', NULL),
	(76, 6000000, '2020-12-10', NULL),
	(77, 6000000, '2021-07-19', NULL),
	(78, 6000000, '2022-01-29', NULL),
	(79, 6000000, '2023-06-18', NULL),
	(80, 6000000, '2020-09-12', NULL),
	(81, 6000000, '2021-09-05', NULL),
	(82, 6000000, '2023-02-15', NULL),
	(83, 6000000, '2022-03-25', NULL),
	(84, 6000000, '2020-11-18', NULL),
	(85, 6000000, '2023-07-30', NULL),
	(86, 6000000, '2021-12-22', NULL),
	(87, 6000000, '2022-10-09', NULL),
	(88, 6000000, '2021-01-14', NULL),
	(89, 6000000, '2023-01-05', NULL),
	(90, 6000000, '2022-05-21', NULL),
	(91, 6000000, '2023-08-07', NULL),
	(92, 6000000, '2021-04-12', NULL),
	(93, 6000000, '2020-10-22', NULL),
	(94, 6000000, '2023-03-28', NULL),
	(95, 6000000, '2021-11-18', NULL),
	(96, 6000000, '2022-06-02', NULL),
	(97, 6000000, '2020-07-11', NULL),
	(98, 6000000, '2021-05-28', NULL),
	(99, 6000000, '2023-09-01', NULL),
	(100, 6000000, '2022-12-10', NULL),
	(101, 4000000, '2021-11-14', NULL),
	(102, 4000000, '2022-01-20', NULL),
	(103, 4000000, '2021-03-12', NULL),
	(104, 4000000, '2023-05-11', NULL),
	(105, 4000000, '2020-08-29', NULL),
	(106, 4000000, '2023-07-12', NULL),
	(107, 4000000, '2021-10-07', NULL),
	(108, 4000000, '2022-09-22', NULL),
	(109, 4000000, '2021-12-20', NULL),
	(110, 4000000, '2023-02-05', NULL),
	(111, 4000000, '2022-03-29', NULL),
	(112, 4000000, '2020-05-19', NULL),
	(113, 4000000, '2023-06-20', NULL),
	(114, 4000000, '2021-02-10', NULL),
	(115, 4000000, '2022-10-05', NULL),
	(116, 4000000, '2023-01-19', NULL),
	(117, 4000000, '2021-06-05', NULL),
	(118, 4000000, '2020-11-10', NULL),
	(119, 4000000, '2022-08-12', NULL),
	(120, 4000000, '2023-04-02', NULL),
	(121, 4000000, '2021-08-10', NULL),
	(122, 4000000, '2022-07-15', NULL),
	(123, 4000000, '2023-09-05', NULL),
	(124, 4000000, '2020-02-18', NULL),
	(125, 4000000, '2021-04-25', NULL),
	(126, 4000000, '2023-06-11', NULL),
	(127, 4000000, '2022-01-22', NULL),
	(128, 4000000, '2021-09-12', NULL),
	(129, 4000000, '2023-03-03', NULL),
	(130, 4000000, '2020-06-25', NULL),
	(131, 4000000, '2022-08-30', NULL),
	(132, 4000000, '2023-05-14', NULL),
	(133, 4000000, '2021-02-19', NULL),
	(134, 4000000, '2022-10-14', NULL),
	(135, 4000000, '2020-09-07', NULL),
	(136, 4000000, '2023-01-30', NULL),
	(137, 4000000, '2021-12-02', NULL),
	(138, 4000000, '2022-05-25', NULL),
	(139, 4000000, '2023-07-05', NULL),
	(140, 4000000, '2020-03-14', NULL),
	(141, 4000000, '2021-06-30', NULL),
	(142, 4000000, '2023-09-20', NULL),
	(143, 4000000, '2022-04-05', NULL),
	(144, 4000000, '2020-07-29', NULL),
	(145, 4000000, '2021-11-25', NULL),
	(146, 4000000, '2022-03-19', NULL),
	(147, 4000000, '2023-05-25', NULL),
	(148, 4000000, '2021-09-07', NULL),
	(149, 4000000, '2022-02-10', NULL),
	(150, 4000000, '2020-05-11', NULL),
	(151, 4000000, '2023-06-15', NULL),
	(152, 4000000, '2021-07-14', NULL),
	(153, 4000000, '2022-10-25', NULL),
	(154, 4000000, '2020-12-19', NULL),
	(155, 4000000, '2021-04-01', NULL),
	(156, 4000000, '2023-03-22', NULL),
	(157, 4000000, '2020-09-15', NULL),
	(158, 4000000, '2021-12-29', NULL),
	(159, 4000000, '2022-07-05', NULL),
	(160, 4000000, '2023-02-18', NULL),
	(161, 4000000, '2020-06-15', NULL),
	(162, 4000000, '2021-09-22', NULL),
	(163, 4000000, '2023-04-14', NULL),
	(164, 4000000, '2022-01-25', NULL),
	(165, 4000000, '2021-11-11', NULL),
	(166, 4000000, '2023-07-22', NULL),
	(167, 4000000, '2022-09-07', NULL),
	(168, 4000000, '2021-03-14', NULL),
	(169, 4000000, '2020-08-01', NULL),
	(170, 4000000, '2023-09-29', NULL),
	(171, 4000000, '2022-06-12', NULL),
	(172, 4000000, '2021-08-30', NULL),
	(173, 4000000, '2023-05-09', NULL),
	(174, 4000000, '2020-10-05', NULL),
	(175, 4000000, '2021-01-22', NULL),
	(176, 4000000, '2023-03-15', NULL),
	(177, 4000000, '2022-04-19', NULL),
	(178, 4000000, '2021-07-21', NULL),
	(179, 4000000, '2020-11-30', NULL),
	(180, 4000000, '2023-08-18', NULL),
	(181, 4000000, '2021-02-25', NULL),
	(182, 4000000, '2022-08-15', NULL),
	(183, 4000000, '2020-09-18', NULL),
	(184, 4000000, '2023-04-02', NULL),
	(185, 4000000, '2021-05-30', NULL),
	(186, 4000000, '2022-03-25', NULL),
	(187, 4000000, '2021-06-15', NULL),
	(188, 4000000, '2022-12-05', NULL),
	(189, 4000000, '2020-01-19', NULL),
	(190, 4000000, '2023-09-10', NULL),
	(191, 4000000, '2021-10-11', NULL),
	(192, 4000000, '2022-02-14', NULL),
	(193, 4000000, '2020-05-29', NULL),
	(194, 4000000, '2023-07-11', NULL),
	(195, 4000000, '2022-09-20', NULL),
	(196, 4000000, '2021-03-05', NULL),
	(197, 4000000, '2020-11-22', NULL),
	(198, 4000000, '2023-02-14', NULL),
	(199, 4000000, '2021-05-25', NULL),
	(200, 4000000, '2022-06-15', NULL);


INSERT INTO NghiPhep (MaNghiPhep, MaNhanVien, NgayBatDau, NgayKetThuc, LyDo) VALUES 
	(1, 101, '2023-09-15', '2023-09-18', N'Nghỉ việc riêng'),
	(2, 103, '2023-08-10', '2023-08-12', N'Nghỉ chăm sóc con ốm'),
	(3, 107, '2022-07-01', '2022-07-05', N'Nghỉ tham gia khóa học ngắn hạn'),
	(4, 110, '2022-06-20', '2022-06-25', N'Nghỉ phép kết hôn'),
	(5, 115, '2024-05-15', '2024-05-17', N'Nghỉ khám bệnh định kỳ'),
	(6, 120, '2023-04-05', '2023-04-10', N'Nghỉ phép tang lễ'),
	(7, 130, '2022-03-10', '2022-03-12', N'Nghỉ giải quyết việc cá nhân'),
	(8, 140, '2023-02-25', '2023-03-01', N'Nghỉ tham gia hoạt động cộng đồng'),
	(9, 150, '2023-01-15', '2023-01-18', N'Nghỉ thăm người thân ốm'),
	(10, 160, '2024-10-05', '2024-10-07', N'Nghỉ phục hồi sức khỏe sau phẫu thuật');

